ModelID,PatientID,CellLineName,StrippedCellLineName,Age,SourceType,SangerModelID,RRID,DepmapModelType,AgeCategory,GrowthPattern,LegacyMolecularSubtype,PrimaryOrMetastasis,SampleCollectionSite,Sex,SourceDetail,LegacySubSubtype,CatalogNumber,CCLEName,COSMICID,PublicComments,WTSIMasterCellID,EngineeredModel,TreatmentStatus,OnboardedMedia,PlateCoating,OncotreeCode,OncotreeSubtype,OncotreePrimaryDisease,OncotreeLineage,ProfileID
ACH-000012,PT-NdspH5,HCC-827,HCC827,39.0,Commercial,SIDM01067,CVCL_2063,LUAD,Adult,Adherent,,Primary,lung,Female,ATCC,NSCLC_adenocarcinoma,CRL-2868,HCC827_LUNG,1240146.0,,354.0,,,MF-001-001,None,LUAD,Lung Adenocarcinoma,Non-Small Cell Lung Cancer,Lung,PR-7ATO6F
ACH-000015,PT-ffwajI,NCI-H1581,NCIH1581,44.0,Commercial,SIDM00748,CVCL_1479,LCLC,Adult,Adherent,,Primary,lung,Male,ATCC via Meyerson (Broad) who received from Gazdar,NSCLC_large_cell,CRL-5878,NCIH1581_LUNG,908471.0,,1237.0,,,MF-007-008,None,LCLC,Large Cell Lung Carcinoma,Non-Small Cell Lung Cancer,Lung,PR-NFoaZH
ACH-000021,PT-9p1WQv,NCI-H1693,NCIH1693,55.0,Commercial,SIDM00742,CVCL_1488,LUAD,Adult,Adherent,,Metastatic,lymph_node,Female,ATCC,NSCLC_adenocarcinoma,CRL-5887,NCIH1693_LUNG,687802.0,,634.0,,,MF-001-001,None,LUAD,Lung Adenocarcinoma,Non-Small Cell Lung Cancer,Lung,PR-gJszNf
ACH-000029,PT-NdspH5,HCC-827-GR5,HCC827GR5,39.0,Academic lab,,CVCL_V622,LUAD,Adult,Adherent,,Primary,lung,Female,Janne (DFCI),NSCLC_adenocarcinoma,,HCC827GR5_LUNG,,,,,,MF-001-014,None,LUAD,Lung Adenocarcinoma,Non-Small Cell Lung Cancer,Lung,PR-lqUArB
ACH-000029,PT-NdspH5,HCC-827-GR5,HCC827GR5,39.0,Academic lab,,CVCL_V622,LUAD,Adult,Adherent,,Primary,lung,Female,Janne (DFCI),NSCLC_adenocarcinoma,,HCC827GR5_LUNG,,,,,,MF-001-014,None,LUAD,Lung Adenocarcinoma,Non-Small Cell Lung Cancer,Lung,PR-pOBrMJ
ACH-000030,PT-nDRyc6,PC-14,PC14,45.0,Commercial,SIDM00237,CVCL_1640,LUAD,Adult,Adherent,,Primary,lung,Male,RIKEN,NSCLC_adenocarcinoma,RCB4455,PC14_LUNG,753608.0,,198.0,,,MF-001-001,None,LUAD,Lung Adenocarcinoma,Non-Small Cell Lung Cancer,Lung,PR-TLl6Lb
ACH-000033,PT-9p1WQv,NCI-H1819,NCIH1819,55.0,Academic lab,,CVCL_1497,LUAD,Adult,Adherent,,Metastatic,lymph_node,Female,Meyerson (Broad) who received from Minna,NSCLC_adenocarcinoma,,NCIH1819_LUNG,,,,,,MF-001-014,None,LUAD,Lung Adenocarcinoma,Non-Small Cell Lung Cancer,Lung,PR-mnal5i
ACH-000035,PT-5LVIPg,NCI-H1650,NCIH1650,27.0,Commercial,SIDM00745,CVCL_1483,NSCLC,Adult,Adherent,,Metastatic,pleural_effusion,Male,ATCC,NSCLC_adenocarcinoma,NCIH1650,NCIH1650_LUNG,687800.0,,1548.0,,,MF-001-001,None,NSCLC,Non-Small Cell Lung Cancer,Non-Small Cell Lung Cancer,Lung,PR-3xbT2W
ACH-000062,PT-Rt0hf4,RERF-LC-MS,RERFLCMS,,Commercial,SIDM00355,CVCL_1655,LUAD,Unknown,Adherent,,Primary,lung,Male,JCRB,NSCLC_adenocarcinoma,JCRB0081,RERFLCMS_LUNG,910931.0,,2051.0,,,MF-015-004,None,LUAD,Lung Adenocarcinoma,Non-Small Cell Lung Cancer,Lung,PR-kRoBoc
ACH-000066,PT-QxlnnP,HCC4006,HCC4006,,Commercial,,CVCL_1269,LUAD,Adult,Adherent,,Metastatic,pleural_effusion,Male,ATCC,NSCLC_adenocarcinoma,CRL-2871,HCC4006_LUNG,,,,,,MF-001-001,None,LUAD,Lung Adenocarcinoma,Non-Small Cell Lung Cancer,Lung,PR-5tQNbR
ACH-000109,PT-Zwpb82,NCI-H3255,NCIH3255,52.0,Academic lab,SIDM00046,CVCL_6831,LUAD,Adult,Mixed,,Primary,lung,Female,Received from CCLE; originally Meyerson (Broad) who received from Minna,NSCLC_adenocarcinoma,,NCIH3255_LUNG,,,,,,MF-013-001,None,LUAD,Lung Adenocarcinoma,Non-Small Cell Lung Cancer,Lung,PR-fPu3e3
ACH-000121,PT-5S5Gmg,NCI-H2405,NCIH2405,47.0,Commercial,SIDM00724,CVCL_1551,LUAD,Adult,Mixed,,Metastatic,ascites,Male,ATCC,NSCLC_adenocarcinoma,CRL-5944,NCIH2405_LUNG,687821.0,,82.0,,,MF-001-014,None,LUAD,Lung Adenocarcinoma,Non-Small Cell Lung Cancer,Lung,PR-uhDFo2
ACH-000143,PT-1M8cz3,HCC2429,HCC2429,34.0,Academic lab,,CVCL_5132,NSCLC,Adult,Adherent,,Primary,lung,Female,Meyerson (Broad) who received from Minna,,,HCC2429_LUNG,,,,,,MF-001-001,None,NSCLC,Non-Small Cell Lung Cancer,Non-Small Cell Lung Cancer,Lung,PR-dlwhbG
ACH-000143,PT-1M8cz3,HCC2429,HCC2429,34.0,Academic lab,,CVCL_5132,NSCLC,Adult,Adherent,,Primary,lung,Female,Meyerson (Broad) who received from Minna,,,HCC2429_LUNG,,,,,,MF-001-001,None,NSCLC,Non-Small Cell Lung Cancer,Non-Small Cell Lung Cancer,Lung,PR-eLOZCF
ACH-000150,PT-H39843,HCC2935,HCC2935,39.0,Commercial,,CVCL_1265,LUAD,Adult,Adherent,,Primary,pleural_effusion,Male,ATCC,NSCLC_adenocarcinoma,CRL-2869,HCC2935_LUNG,,,,,,MF-001-001,None,LUAD,Lung Adenocarcinoma,Non-Small Cell Lung Cancer,Lung,PR-1Oypwt
ACH-000161,PT-G4xjbZ,COR-L105,CORL105,,Commercial,SIDM00513,CVCL_1138,LUAD,Unknown,Adherent,,Metastatic,pleural_effusion,Male,ECACC,NSCLC_adenocarcinoma,92031918,CORL105_LUNG,906805.0,,22.0,,,MF-001-018,None,LUAD,Lung Adenocarcinoma,Non-Small Cell Lung Cancer,Lung,PR-HrGr0E
ACH-000176,PT-wKL1PE,LOU-NH91,LOUNH91,64.0,Commercial,SIDM00341,CVCL_2104,LUSC,Adult,Adherent,,Primary,lung,Female,DSMZ,NSCLC_squamous,ACC 393,LOUNH91_LUNG,1298226.0,,1506.0,,,MF-001-021,None,LUSC,Lung Squamous Cell Carcinoma,Non-Small Cell Lung Cancer,Lung,PR-gyWFK3
ACH-000186,PT-w40Tnr,NCI-H2444,NCIH2444,,Commercial,SIDM00723,CVCL_1552,NSCLC,Unknown,Adherent,,Primary,lung,Male,ATCC,,CRL-5945,NCIH2444_LUNG,1298356.0,,1538.0,,,MF-001-001,None,NSCLC,Non-Small Cell Lung Cancer,Non-Small Cell Lung Cancer,Lung,PR-IQFAyH
ACH-000251,PT-l5gD1h,NCI-H2887,NCIH2887,31.0,Academic lab,,CVCL_5159,NSCLC,Adult,Adherent,,Primary,lung,Male,Meyerson (Broad) who received from Minna,,,NCIH2887_LUNG,,,,,,MF-001-001,None,NSCLC,Non-Small Cell Lung Cancer,Non-Small Cell Lung Cancer,Lung,PR-cCUuKZ
ACH-000261,PT-9jciof,RERF-LC-AI,RERFLCAI,,Commercial,SIDM00307,CVCL_4402,LUSC,Unknown,Adherent,,Metastatic,pleural_effusion,Male,RIKEN,NSCLC_squamous,RCB0444,RERFLCAI_LUNG,,,,,,MF-006-001,None,LUSC,Lung Squamous Cell Carcinoma,Non-Small Cell Lung Cancer,Lung,PR-z0gT24
ACH-000264,PT-T9nCW5,Calu-6,CALU6,61.0,Commercial,SIDM00921,CVCL_0236,LUAD,Adult,Adherent,,Metastatic,pleural_effusion,Female,ATCC,,HTB-56,CALU6_LUNG,724859.0,,1844.0,,,MF-006-001,None,LUAD,Lung Adenocarcinoma,Non-Small Cell Lung Cancer,Lung,PR-V7BvgM
ACH-000282,PT-tUaDvw,NCI-H1755,NCIH1755,65.0,Commercial,SIDM00738,CVCL_1492,LUAD,Adult,Mixed,,Metastatic,liver,Female,ATCC,NSCLC_adenocarcinoma,,NCIH1755_LUNG,908475.0,,1240.0,,,MF-001-001,None,LUAD,Lung Adenocarcinoma,Non-Small Cell Lung Cancer,Lung,PR-cSIQxK
ACH-000309,PT-9oyPuO,SK-LU-1,SKLU1,60.0,Commercial,SIDM01108,CVCL_0629,LUAD,Adult,Adherent,,Primary,lung,Female,ATCC,NSCLC_adenocarcinoma,HTB-57,SKLU1_LUNG,909721.0,,233.0,,,,None,LUAD,Lung Adenocarcinoma,Non-Small Cell Lung Cancer,Lung,
ACH-000311,PT-6IoG5q,NCI-H2122,NCIH2122,46.0,Commercial,SIDM00702,CVCL_1531,LUAD,Adult,Adherent,,Metastatic,pleural_effusion,Female,ATCC,NSCLC_adenocarcinoma,CRL-5985,NCIH2122_LUNG,722046.0,,1015.0,,,MF-001-001,None,LUAD,Lung Adenocarcinoma,Non-Small Cell Lung Cancer,Lung,PR-MYW888
ACH-000314,PT-HLJ5qp,HCC-2108,HCC2108,59.0,Commercial,,CVCL_A352,LUAD,Adult,Adherent,,Primary,lung,Male,KCLB,NSCLC_adenocarcinoma,72108,HCC2108_LUNG,,,,,,MF-001-005,None,LUAD,Lung Adenocarcinoma,Non-Small Cell Lung Cancer,Lung,PR-sJqK5Z
ACH-000327,PT-oKf5lW,NCI-H1395,NCIH1395,55.0,Commercial,SIDM00644,CVCL_1467,LUAD,Adult,Adherent,,Primary,lung,Female,ATCC,NSCLC_adenocarcinoma,CRL-5868,NCIH1395_LUNG,684681.0,,1826.0,,,MF-001-001,None,LUAD,Lung Adenocarcinoma,Non-Small Cell Lung Cancer,Lung,PR-feSGd6
ACH-000337,PT-0fXDWz,NCI-H3122,NCIH3122,,Academic lab,SIDM00137,CVCL_5160,LUAD,Unknown,Adherent,,Primary,lung,Male,Meyerson (Broad) who received from Minna,NSCLC_adenocarcinoma,,NCIH3122_LUNG,1240190.0,,918.0,,,MF-001-001,None,LUAD,Lung Adenocarcinoma,Non-Small Cell Lung Cancer,Lung,PR-ZJC2Tm
ACH-000337,PT-0fXDWz,NCI-H3122,NCIH3122,,Academic lab,SIDM00137,CVCL_5160,LUAD,Unknown,Adherent,,Primary,lung,Male,Meyerson (Broad) who received from Minna,NSCLC_adenocarcinoma,,NCIH3122_LUNG,1240190.0,,918.0,,,MF-001-001,None,LUAD,Lung Adenocarcinoma,Non-Small Cell Lung Cancer,Lung,PR-zvd6KC
ACH-000339,PT-IP75QA,HCC-461,HCC461,69.0,Academic lab,,CVCL_5135,LUAD,Adult,Adherent,,Primary,lung,Male,Meyerson (Broad) who received from Minna,NSCLC_adenocarcinoma,,HCC461_LUNG,,,,,,MF-001-001,None,LUAD,Lung Adenocarcinoma,Non-Small Cell Lung Cancer,Lung,PR-Iovwi2
ACH-000343,PT-6ukZx4,NCI-H522,NCIH522,58.0,Commercial,SIDM00116,CVCL_1567,LUAD,Adult,Adherent,,Primary,lung,Male,ATCC,NSCLC_adenocarcinoma,CRL-5810,NCIH522_LUNG,905944.0,,1224.0,,,MF-001-001,None,LUAD,Lung Adenocarcinoma,Non-Small Cell Lung Cancer,Lung,PR-aGskAU
ACH-000378,PT-svCGFs,NCI-H647,NCIH647,56.0,Commercial,SIDM01125,CVCL_1574,LUAS,Adult,Adherent,,Metastatic,pleural_effusion,Male,ATCC,NSCLC_adenosquamous,CRL-5834,NCIH647_LUNG,1240191.0,,955.0,,,MF-001-001,None,LUAS,Lung Adenosquamous Carcinoma,Non-Small Cell Lung Cancer,Lung,PR-D5Zjey
ACH-000379,PT-ZMox9l,NCI-H1781,NCIH1781,66.0,Commercial,SIDM00754,CVCL_1494,LUAD,Adult,Adherent,,Metastatic,pleural_effusion,Female,ATCC,NSCLC_adenocarcinoma,CRL-5894,NCIH1781_LUNG,1298350.0,,2228.0,,,MF-001-001,None,LUAD,Lung Adenocarcinoma,Non-Small Cell Lung Cancer,Lung,PR-Ox31nD
ACH-000390,PT-gDZo34,LUDLU-1,LUDLU1,72.0,Commercial,,CVCL_2582,LUSC,Adult,Adherent,,Primary,lung,Male,ECACC,NSCLC_squamous,92012463,LUDLU1_LUNG,,,,,,MF-001-001,None,LUSC,Lung Squamous Cell Carcinoma,Non-Small Cell Lung Cancer,Lung,PR-x1Rf2T
ACH-000392,PT-v3MIz8,Calu-3,CALU3,25.0,Commercial,SIDM00922,CVCL_0609,LUAD,Adult,Adherent,,Metastatic,pleural_effusion,Male,ATCC,NSCLC_adenocarcinoma,HTB-55,CALU3_LUNG,687777.0,,219.0,,,MF-006-001,None,LUAD,Lung Adenocarcinoma,Non-Small Cell Lung Cancer,Lung,PR-r3I3K5
ACH-000395,PT-mQfWto,NCI-H520,NCIH520,,Commercial,SIDM01130,CVCL_1566,LUSC,Unknown,Adherent,,Primary,lung,Male,ATCC,NSCLC_squamous,HTB-182,NCIH520_LUNG,908443.0,,2200.0,,,MF-001-001,None,LUSC,Lung Squamous Cell Carcinoma,Non-Small Cell Lung Cancer,Lung,PR-4FMaFX
ACH-000414,PT-0Fp6tq,NCI-H1944,NCIH1944,62.0,Commercial,SIDM00762,CVCL_1508,LUAD,Adult,Adherent,,Metastatic,soft_tissue,Female,ATCC,NSCLC_adenocarcinoma,CRL - 5907,NCIH1944_LUNG,1240185.0,,183.0,,,MF-001-001,None,LUAD,Lung Adenocarcinoma,Non-Small Cell Lung Cancer,Lung,PR-0jK5CP
ACH-000416,PT-YdBNCw,NCI-H838,NCIH838,59.0,Commercial,SIDM01150,CVCL_1594,LUAD,Adult,Adherent,,Metastatic,lymph_node,Male,ATCC,NSCLC_adenocarcinoma,CRL-5844,NCIH838_LUNG,910399.0,,484.0,,,MF-001-001,None,LUAD,Lung Adenocarcinoma,Non-Small Cell Lung Cancer,Lung,PR-AexEWR
ACH-000434,PT-3DrWN5,NCI-H1915,NCIH1915,61.0,Commercial,SIDM00763,CVCL_1505,LCLC,Adult,Adherent,,Metastatic,central_nervous_system,Female,ATCC,NSCLC_large_cell,CRL-5904,NCIH1915_LUNG,1240184.0,,1823.0,,,MF-001-001,None,LCLC,Large Cell Lung Carcinoma,Non-Small Cell Lung Cancer,Lung,PR-ykalCn
ACH-000438,PT-DJtGj2,Lu-65,LU65,64.0,Commercial,SIDM00547,CVCL_1392,GCLC,Adult,Suspension,,Primary,lung,Male,JCRB,NSCLC_large_cell,,LU65_LUNG,724863.0,,47.0,,,MF-001-020,None,GCLC,Giant Cell Carcinoma of the Lung,Non-Small Cell Lung Cancer,Lung,PR-UHauzg
ACH-000442,PT-uWXLpm,RERF-LC-Sq1,RERFLCSQ1,74.0,Commercial,SIDM00354,CVCL_1656,LUSC,Adult,Adherent,,Primary,lung,Female,HSRRB,NSCLC_squamous,,RERFLCSQ1_LUNG,1298538.0,,449.0,,,MF-001-001,None,LUSC,Lung Squamous Cell Carcinoma,Non-Small Cell Lung Cancer,Lung,PR-Mu4S4x
ACH-000444,PT-IpPvfc,LU99,LU99,63.0,Commercial,SIDM00546,CVCL_3015,GCLC,Adult,Adherent,,Metastatic,pleura,Male,HSRRB,NSCLC_large_cell,JCRB0080,LU99_LUNG,,,,,,MF-001-001,None,GCLC,Giant Cell Carcinoma of the Lung,Non-Small Cell Lung Cancer,Lung,PR-gTg1kp
ACH-000447,PT-QmAMEj,NCI-H2228,NCIH2228,,Commercial,SIDM00729,CVCL_1543,LUAD,Unknown,Adherent,,Primary,lung,Female,ATCC,NSCLC_adenocarcinoma,CRL-5935,NCIH2228_LUNG,687816.0,,1812.0,,,MF-001-001,None,LUAD,Lung Adenocarcinoma,Non-Small Cell Lung Cancer,Lung,PR-Vd2mq2
ACH-000448,PT-3icxN1,NCI-H1666,NCIH1666,50.0,Commercial,SIDM00743,CVCL_1485,LUAD,Adult,Mixed,,Metastatic,pleural_effusion,Female,ATCC,NSCLC_adenocarcinoma,CRL-5885,NCIH1666_LUNG,908473.0,,958.0,,,MF-001-014,None,LUAD,Lung Adenocarcinoma,Non-Small Cell Lung Cancer,Lung,PR-wUsYv2
ACH-000451,PT-hZbJSf,NCI-H2085,NCIH2085,45.0,Commercial,SIDM00709,CVCL_1523,LUAD,Adult,Adherent,,Primary,lung,Male,ATCC,NSCLC_adenocarcinoma,,NCIH2085_LUNG,687812.0,,80.0,,,MF-001-014,None,LUAD,Lung Adenocarcinoma,Non-Small Cell Lung Cancer,Lung,PR-KJ5TCg
ACH-000454,PT-u7ecNk,HCC-95,HCC95,65.0,Commercial,,CVCL_5137,LUSC,Adult,Adherent,,Metastatic,pleural_effusion,Male,KCLB,NSCLC_squamous,70095,HCC95_LUNG,,,,,,MF-001-001,None,LUSC,Lung Squamous Cell Carcinoma,Non-Small Cell Lung Cancer,Lung,PR-tuVQdk
ACH-000463,PT-gfHIRD,NCI-H460,NCIH460,,Commercial,SIDM00144,CVCL_0459,LCLC,Unknown,Adherent,,Metastatic,pleural_effusion,Male,ATCC,NSCLC_large_cell,HTB-177,NCIH460_LUNG,905943.0,,2146.0,,,MF-001-001,None,LCLC,Large Cell Lung Carcinoma,Non-Small Cell Lung Cancer,Lung,PR-rGE9SL
ACH-000481,PT-CazMr1,NCI-H2170,NCIH2170,,Commercial,SIDM00716,CVCL_1535,LUSC,Unknown,Adherent,,Primary,lung,Male,ATCC,NSCLC_squamous,CRL-5928,NCIH2170_LUNG,687815.0,,1811.0,,,MF-001-001,None,LUSC,Lung Squamous Cell Carcinoma,Non-Small Cell Lung Cancer,Lung,PR-oxG0N4
ACH-000482,PT-G8tjyE,RERF-LC-KJ,RERFLCKJ,78.0,Commercial,SIDM00356,CVCL_1654,LUAD,Adult,Adherent,,Primary,lung,Male,HSRRB,NSCLC_adenocarcinoma,JCRB0137,RERFLCKJ_LUNG,1298537.0,,960.0,,,MF-001-001,None,LUAD,Lung Adenocarcinoma,Non-Small Cell Lung Cancer,Lung,PR-1vrwZu
ACH-000496,PT-5umTu0,NCI-H1792,NCIH1792,50.0,Commercial,SIDM00771,CVCL_1495,LUAD,Adult,Adherent,,Metastatic,pleural_effusion,Male,ATCC,NSCLC_adenocarcinoma,CRL-5895,NCIH1792_LUNG,724868.0,,2122.0,,,MF-001-001,None,LUAD,Lung Adenocarcinoma,Non-Small Cell Lung Cancer,Lung,PR-egPx75
ACH-000510,PT-7qWq2K,NCI-H1299,NCIH1299,43.0,Commercial,SIDM00649,CVCL_0060,LCLC,Adult,Adherent,,Metastatic,lymph_node,Male,ATCC,NSCLC_large_cell,CRL-5803,NCIH1299_LUNG,724831.0,,1235.0,,,MF-001-001,None,LCLC,Large Cell Lung Carcinoma,Non-Small Cell Lung Cancer,Lung,PR-Er9ReY
ACH-000511,PT-R4QjAn,Calu-1,CALU1,47.0,Commercial,,CVCL_0608,LUSC,Adult,Adherent,,Metastatic,pleura,Male,ATCC,NSCLC_squamous,HTB-54,CALU1_LUNG,,,,,,MF-023-001,None,LUSC,Lung Squamous Cell Carcinoma,Non-Small Cell Lung Cancer,Lung,PR-8led3R
ACH-000521,PT-hEuGfg,NCI-H2030,NCIH2030,,Commercial,SIDM00715,CVCL_1517,LUAD,Unknown,Adherent,,Metastatic,lymph_node,Male,ATCC,NSCLC_adenocarcinoma,CRL-5914,NCIH2030_LUNG,722045.0,,912.0,,,MF-001-001,None,LUAD,Lung Adenocarcinoma,Non-Small Cell Lung Cancer,Lung,PR-N72l8j
ACH-000528,PT-id2eBb,ABC-1,ABC1,47.0,Commercial,SIDM00494,CVCL_1066,LUAD,Adult,Adherent,,Metastatic,pleural_effusion,Male,HSRRB,NSCLC_adenocarcinoma,JCRB0815,ABC1_LUNG,906791.0,,1557.0,,,MF-006-001,None,LUAD,Lung Adenocarcinoma,Non-Small Cell Lung Cancer,Lung,PR-yRj8KP
ACH-000553,PT-yEcMkf,Sq-1,SQ1,,Commercial,,CVCL_4900,LUSC,Unknown,Adherent,,Primary,lung,Male,RIKEN,NSCLC_squamous,RCB1905,SQ1_LUNG,,,,,,MF-001-001,None,LUSC,Lung Squamous Cell Carcinoma,Non-Small Cell Lung Cancer,Lung,PR-Yl6znf
ACH-000562,PT-TdkTP0,HCC-78,HCC78,65.0,Commercial,SIDM01068,CVCL_2061,LUAD,Adult,Adherent,,Metastatic,pleural_effusion,Male,DSMZ,NSCLC_adenocarcinoma,ACC 563,HCC78_LUNG,1290908.0,,639.0,,,,None,LUAD,Lung Adenocarcinoma,Non-Small Cell Lung Cancer,Lung,PR-I6cseI
ACH-000563,PT-YTpbR2,EBC-1,EBC1,69.0,Commercial,SIDM00486,CVCL_2891,LUSC,Adult,Adherent,,Metastatic,skin,Male,RIKEN,NSCLC_squamous,RCB1965,EBC1_LUNG,753554.0,,1665.0,,,MF-006-001,None,LUSC,Lung Squamous Cell Carcinoma,Non-Small Cell Lung Cancer,Lung,PR-sfoVbc
ACH-000575,PT-Gfa8CF,HCC-364,HCC364,76.0,Academic lab,,CVCL_5134,LUAD,Adult,Adherent,,Primary,lung,Male,From Meyerson (Broad) who received from Gazdar,NSCLC_adenocarcinoma,,HCC364_LUNG,,,,,,,None,LUAD,Lung Adenocarcinoma,Non-Small Cell Lung Cancer,Lung,PR-0B6q0Z
ACH-000578,PT-JbQXVN,HCC-1171,HCC1171,58.0,Commercial,,CVCL_5126,LUAD,Adult,Adherent,,Primary,lung,Male,KCLB,NSCLC_adenocarcinoma,,HCC1171_LUNG,,,,,,,None,LUAD,Lung Adenocarcinoma,Non-Small Cell Lung Cancer,Lung,PR-CqdD2n
ACH-000585,PT-HU0uli,EPLC-272H,EPLC272H,57.0,Commercial,SIDM01044,CVCL_1197,LUSC,Adult,Adherent,,Primary,lung,Male,DSMZ,NSCLC_squamous,,EPLC272H_LUNG,753556.0,,404.0,,,MF-001-020,None,LUSC,Lung Squamous Cell Carcinoma,Non-Small Cell Lung Cancer,Lung,PR-8yAIet
ACH-000587,PT-HkdFKw,NCI-H1975,NCIH1975,,Commercial,SIDM00759,CVCL_1511,LUAD,Unknown,Adherent,,Primary,lung,Female,ATCC,NSCLC_adenocarcinoma,CRL-5908,NCIH1975_LUNG,924244.0,,1403.0,,,MF-002-001,None,LUAD,Lung Adenocarcinoma,Non-Small Cell Lung Cancer,Lung,PR-dmYRK0
ACH-000589,PT-KKsvGZ,NCI-H1437,NCIH1437,60.0,Commercial,SIDM00734,CVCL_1472,LUAD,Adult,Adherent,,Metastatic,pleural_effusion,Male,ATCC,NSCLC_adenocarcinoma,CRL-5872,NCIH1437_LUNG,687794.0,,800.0,,,MF-001-001,None,LUAD,Lung Adenocarcinoma,Non-Small Cell Lung Cancer,Lung,PR-wV5Pb5
ACH-000590,PT-v8h3uk,NCI-H2073,NCIH2073,47.0,Commercial,SIDM00757,CVCL_1521,LUAD,Adult,Adherent,,Primary,lung,Female,ATCC,NSCLC_adenocarcinoma,CRL-5918,NCIH2073_LUNG,,,,,,,None,LUAD,Lung Adenocarcinoma,Non-Small Cell Lung Cancer,Lung,PR-3C794r
ACH-000596,PT-9Zamyo,LCLC-97TM1,LCLC97TM1,44.0,Commercial,SIDM00344,CVCL_1376,LCLC,Adult,Adherent,,Primary,lung,Male,DSMZ,NSCLC_large_cell,,LCLC97TM1_LUNG,946361.0,,485.0,,,MF-001-020,None,LCLC,Large Cell Lung Carcinoma,Non-Small Cell Lung Cancer,Lung,PR-dnvj3j
ACH-000603,PT-BPHtVG,BEN,BEN,71.0,Commercial,SIDM00990,CVCL_1082,NSCLC,Adult,Adherent,,Metastatic,lymph_node,Male,DSMZ,,ACC 254,BEN_LUNG,753534.0,,971.0,,,,None,NSCLC,Non-Small Cell Lung Cancer,Non-Small Cell Lung Cancer,Lung,PR-m1IHlG
ACH-000627,PT-Rd3J4D,LCLC-103H,LCLC103H,61.0,Commercial,SIDM00345,CVCL_1375,LCLC,Adult,Adherent,,Metastatic,pleural_effusion,Male,DSMZ,NSCLC_large_cell,ACC 384,LCLC103H_LUNG,753586.0,,1502.0,,,MF-001-001,None,LCLC,Large Cell Lung Carcinoma,Non-Small Cell Lung Cancer,Lung,PR-dMOep3
ACH-000628,PT-QC2SAk,NCI-H596,NCIH596,73.0,Commercial,SIDM01127,CVCL_1571,LUAS,Adult,Adherent,,Primary,lung,Male,ATCC,NSCLC_adenosquamous,HTB-178,NCIH596_LUNG,908459.0,,1225.0,,,,None,LUAS,Lung Adenosquamous Carcinoma,Non-Small Cell Lung Cancer,Lung,PR-boiAEH
ACH-000638,PT-xglezn,NCI-H441,NCIH441,33.0,Commercial,SIDM00925,CVCL_1561,LUAD,Adult,Adherent,,Metastatic,pericardial_effusion,Male,ATCC,NSCLC_adenocarcinoma,HTB-174,NCIH441_LUNG,908460.0,,1815.0,,,MF-001-001,None,LUAD,Lung Adenocarcinoma,Non-Small Cell Lung Cancer,Lung,PR-l8Di5B
ACH-000662,PT-S1tr6I,COR-L23,CORL23,62.0,Commercial,SIDM00512,CVCL_1139,LCLC,Adult,Adherent,,Metastatic,pleural_effusion,Male,ECACC,NSCLC_large_cell,92031919,CORL23_LUNG,687780.0,,1313.0,,,MF-001-003,None,LCLC,Large Cell Lung Carcinoma,Non-Small Cell Lung Cancer,Lung,PR-h8HfNL
ACH-000665,PT-41lHFE,SK-MES-1,SKMES1,65.0,Commercial,SIDM01103,CVCL_0630,LUSC,Adult,Adherent,,Metastatic,pleural_effusion,Male,ATCC,NSCLC_squamous,HTB-58,SKMES1_LUNG,909728.0,,1628.0,,,MF-002-001,None,LUSC,Lung Squamous Cell Carcinoma,Non-Small Cell Lung Cancer,Lung,PR-sVtE0j
ACH-000666,PT-ELrBOm,NCI-H1355,NCIH1355,53.0,Commercial,SIDM00645,CVCL_1464,LUAD,Adult,Suspension,,Metastatic,pleural_effusion,Male,ATCC,NSCLC_adenocarcinoma,CRL-5865,NCIH1355_LUNG,724866.0,,1780.0,,,,None,LUAD,Lung Adenocarcinoma,Non-Small Cell Lung Cancer,Lung,PR-H8e5Hb
ACH-000667,PT-uY17tx,HCC-44,HCC44,54.0,Commercial,SIDM01069,CVCL_2060,LUAD,Adult,Adherent,,Primary,lung,Female,DSMZ,NSCLC_adenocarcinoma,ACC 534,HCC44_LUNG,1240145.0,,1247.0,,,MF-001-001,None,LUAD,Lung Adenocarcinoma,Non-Small Cell Lung Cancer,Lung,PR-IWyF8Y
ACH-000669,PT-sj3DbQ,SW 900,SW900,53.0,Commercial,SIDM01158,CVCL_1731,LUSC,Adult,Adherent,,Primary,lung,Male,ATCC,NSCLC_squamous,HTB-59,SW900_LUNG,724879.0,,1454.0,,,,None,LUSC,Lung Squamous Cell Carcinoma,Non-Small Cell Lung Cancer,Lung,PR-CCDS4v
ACH-000672,PT-C7amr4,IA-LM,IALM,68.0,Commercial,SIDM00306,CVCL_1302,LCLC,Adult,Adherent,,Metastatic,skin,Male,RIKEN,NSCLC_large_cell,RCB0554,IALM_LUNG,910779.0,,1792.0,,,MF-004-001,None,LCLC,Large Cell Lung Carcinoma,Non-Small Cell Lung Cancer,Lung,PR-R54DZ3
ACH-000675,PT-HfJpz7,NCI-H1734,NCIH1734,56.0,Commercial,SIDM00739,CVCL_1491,LUAD,Adult,Adherent,,Primary,lung,Female,ATCC,NSCLC_adenocarcinoma,CRL-5891,NCIH1734_LUNG,722058.0,,411.0,,,,None,LUAD,Lung Adenocarcinoma,Non-Small Cell Lung Cancer,Lung,PR-eumaai
ACH-000677,PT-Z9x3iF,SW 1573,SW1573,44.0,Commercial,SIDM01163,CVCL_1720,LUAD,Adult,Adherent,,Primary,lung,Female,ATCC,NSCLC_adenocarcinoma,CRL-2170,SW1573_LUNG,724878.0,,849.0,,,MF-021-001,None,LUAD,Lung Adenocarcinoma,Non-Small Cell Lung Cancer,Lung,PR-3noEom
ACH-000681,PT-cqv92I,A549,A549,58.0,Commercial,SIDM00903,CVCL_0023,LUAD,Adult,Adherent,,Primary,lung,Male,ATCC,NSCLC_adenocarcinoma,CCL-185,A549_LUNG,905949.0,,369.0,,,MF-002-001,None,LUAD,Lung Adenocarcinoma,Non-Small Cell Lung Cancer,Lung,PR-Em6pVT
ACH-000690,PT-TTn4cT,HCC-2814,HCC2814,55.0,Academic lab,,CVCL_V586,LUSC,Adult,Adherent,,Primary,lung,Male,Matt Meyerson (Broad),NSCLC_squamous,,HCC2814_LUNG,,,,,,MF-001-001,None,LUSC,Lung Squamous Cell Carcinoma,Non-Small Cell Lung Cancer,Lung,PR-iWjF56
ACH-000700,PT-o9axOH,NCI-H2882,NCIH2882,61.0,Academic lab,,CVCL_5158,LUSC,Adult,Adherent,,Primary,lung,Female,Meyerson (Broad) who received from Minna,NSCLC_squamous,,NCIH2882_LUNG,,,,,,MF-001-001,None,LUSC,Lung Squamous Cell Carcinoma,Non-Small Cell Lung Cancer,Lung,PR-hs3wNI
ACH-000700,PT-o9axOH,NCI-H2882,NCIH2882,61.0,Academic lab,,CVCL_5158,LUSC,Adult,Adherent,,Primary,lung,Female,Meyerson (Broad) who received from Minna,NSCLC_squamous,,NCIH2882_LUNG,,,,,,MF-001-001,None,LUSC,Lung Squamous Cell Carcinoma,Non-Small Cell Lung Cancer,Lung,PR-uQ6qid
ACH-000705,PT-ZglKg6,LC-1F,LC1F,69.0,Commercial,SIDM00298,CVCL_1372,LUSC,Adult,Mixed,,Primary,lung,Male,RIKEN,NSCLC_squamous,RCB0439,LC1F_LUNG,,,,,,MF-001-001,None,LUSC,Lung Squamous Cell Carcinoma,Non-Small Cell Lung Cancer,Lung,PR-DPUwIm
ACH-000706,PT-srkn4o,EKVX,EKVX,,Academic lab,SIDM00119,CVCL_1195,LUAD,Unknown,Adherent,,Primary,lung,Male,Meyerson (Broad) who received from Minna lab,NSCLC_adenocarcinoma,,EKVX_LUNG,905970.0,,322.0,,,MF-001-001,None,LUAD,Lung Adenocarcinoma,Non-Small Cell Lung Cancer,Lung,PR-AQdP9q
ACH-000712,PT-0H6Zc0,HCC-1833,HCC1833,69.0,Commercial,,CVCL_5129,LUAD,Adult,Adherent,,Primary,lung,Female,KCLB,NSCLC_adenocarcinoma,,HCC1833_LUNG,,,,,,,None,LUAD,Lung Adenocarcinoma,Non-Small Cell Lung Cancer,Lung,PR-wQ50pI
ACH-000718,PT-8wDCNH,NCI-H2291,NCIH2291,,Commercial,SIDM00728,CVCL_1546,LUAD,Unknown,Adherent,,Metastatic,lymph_node,Male,ATCC,NSCLC_adenocarcinoma,CRL-5939,NCIH2291_LUNG,724874.0,,917.0,,,MF-001-001,None,LUAD,Lung Adenocarcinoma,Non-Small Cell Lung Cancer,Lung,PR-kj5h82
ACH-000731,PT-GWlgbv,HCC-2279,HCC2279,52.0,Commercial,,CVCL_5131,LUAS,Adult,Adherent,,Primary,lung,Female,KCLB,NSCLC_adenocarcinoma,,HCC2279_LUNG,,,,,,,None,LUAS,Lung Adenosquamous Carcinoma,Non-Small Cell Lung Cancer,Lung,PR-LzsyWh
ACH-000733,PT-eGglPA,NCI-H1838,NCIH1838,,Commercial,SIDM00769,CVCL_1499,LUAD,Unknown,Adherent,,Primary,lung,Female,ATCC,NSCLC_adenocarcinoma,CRL-5899,NCIH1838_LUNG,687807.0,,1690.0,,,,None,LUAD,Lung Adenocarcinoma,Non-Small Cell Lung Cancer,Lung,PR-5IAyrX
ACH-000737,PT-VZM6YM,NCI-H1385,NCIH1385,49.0,Commercial,,CVCL_1466,LUSC,Adult,Suspension,,Metastatic,lymph_node,Female,ATCC,NSCLC_squamous,CRL-5867,NCIH1385_LUNG,,,,,,,None,LUSC,Lung Squamous Cell Carcinoma,Non-Small Cell Lung Cancer,Lung,PR-oy4Ymg
ACH-000744,PT-9tlxuS,NCI-H1623,NCIH1623,58.0,Commercial,SIDM00747,CVCL_1481,LUAD,Adult,Adherent,,Metastatic,lymph_node,Male,ATCC,NSCLC_adenocarcinoma,CRL-5881,NCIH1623_LUNG,687798.0,,1238.0,,,MF-001-001,None,LUAD,Lung Adenocarcinoma,Non-Small Cell Lung Cancer,Lung,PR-KpSPQh
ACH-000747,PT-CmsNht,NCI-H1703,NCIH1703,54.0,Commercial,SIDM00740,CVCL_1490,LUSC,Adult,Adherent,,Primary,lung,Male,ATCC,NSCLC_squamous,CRL-5889,NCIH1703_LUNG,908474.0,,1239.0,,,MF-001-001,None,LUSC,Lung Squamous Cell Carcinoma,Non-Small Cell Lung Cancer,Lung,PR-kCzPyo
ACH-000757,PT-kI5CjI,A427,A427,52.0,Academic lab,SIDM00810,CVCL_1055,LUAD,Adult,Adherent,,Primary,lung,Male,Meyerson (Broad) who received from DFCI,NSCLC_adenocarcinoma,,A427_LUNG,910851.0,,1839.0,,,MF-002-001,None,LUAD,Lung Adenocarcinoma,Non-Small Cell Lung Cancer,Lung,PR-6hVuX7
ACH-000766,PT-wZGKqJ,NCI-H1648,NCIH1648,39.0,Commercial,SIDM00746,CVCL_1482,LUAD,Adult,Adherent,,Metastatic,lymph_node,Male,ATCC,NSCLC_adenocarcinoma,CRL-5882,NCIH1648_LUNG,687799.0,,712.0,,,MF-001-001,None,LUAD,Lung Adenocarcinoma,Non-Small Cell Lung Cancer,Lung,PR-9OHbnp
ACH-000769,PT-U2PG43,LK-2,LK2,74.0,Commercial,SIDM00548,CVCL_1377,LUSC,Adult,Adherent,,Primary,lung,Male,RIKEN,NSCLC_squamous,RCB1970,LK2_LUNG,687787.0,,45.0,,,MF-002-001,None,LUSC,Lung Squamous Cell Carcinoma,Non-Small Cell Lung Cancer,Lung,PR-F1yFEs
ACH-000774,PT-lbbkFm,RERF-LC-Ad2,RERFLCAD2,,Commercial,,CVCL_1652,LUAD,Unknown,Adherent,,Primary,lung,Male,HSRRB,NSCLC_adenocarcinoma,JCRB1021,RERFLCAD2_LUNG,,,,,,MF-001-001,None,LUAD,Lung Adenocarcinoma,Non-Small Cell Lung Cancer,Lung,PR-JcyBfH
ACH-000779,PT-nDRyc6,,PC9,45.0,Academic lab,SIDM00236,CVCL_B260,LUAD,Adult,Adherent,,Primary,lung,Male,see comment,NSCLC_adenocarcinoma,,PC9_LUNG,,,,,,,None,LUAD,Lung Adenocarcinoma,Non-Small Cell Lung Cancer,Lung,PR-TEBAID
ACH-000781,PT-CKs1VS,NCI-H2023,NCIH2023,26.0,Commercial,SIDM00753,CVCL_1515,LUAD,Adult,Adherent,,Metastatic,lymph_node,Male,ATCC,NSCLC_adenocarcinoma,CRL-5912,NCIH2023_LUNG,1240187.0,,1266.0,,,MF-007-010,None,LUAD,Lung Adenocarcinoma,Non-Small Cell Lung Cancer,Lung,PR-hmkCrq
ACH-000785,PT-AOPcW9,NCI-H2126,NCIH2126,65.0,Commercial,SIDM00775,CVCL_1532,LUAD,Adult,Adherent,,Metastatic,haematopoietic_and_lymphoid_tissue,Male,ATCC,NSCLC_adenocarcinoma,CCL-256,NCIH2126_LUNG,,,,,,MF-007-010,None,LUAD,Lung Adenocarcinoma,Non-Small Cell Lung Cancer,Lung,PR-Jgwbfp
ACH-000787,PT-w7dxuB,LXF-289,LXF289,62.0,Commercial,SIDM00339,CVCL_1394,LUAD,Adult,Adherent,,Primary,lung,Male,DSMZ,NSCLC_adenocarcinoma,ACC 265,LXF289_LUNG,753592.0,,1175.0,,,MF-004-001,None,LUAD,Lung Adenocarcinoma,Non-Small Cell Lung Cancer,Lung,PR-OJyWEi
ACH-000789,PT-wTzkNy,NCI-H810,NCIH810,51.0,Commercial,SIDM01116,CVCL_1590,LCLC,Adult,Adherent,,Primary,lung,Male,ATCC,NSCLC_large_cell,CRL-5816,NCIH810_LUNG,925341.0,,1104.0,,,,None,LCLC,Large Cell Lung Carcinoma,Non-Small Cell Lung Cancer,Lung,PR-GkSvfv
ACH-000791,PT-sAWSgy,RERF-LC-Ad1,RERFLCAD1,70.0,Commercial,,CVCL_1651,LUAD,Adult,Adherent,,Primary,lung,Male,HSRRB,NSCLC_adenocarcinoma,JCRB1020,RERFLCAD1_LUNG,,,,,,MF-001-001,None,LUAD,Lung Adenocarcinoma,Non-Small Cell Lung Cancer,Lung,PR-XKof0f
ACH-000813,PT-4bJRaf,T3M-10,T3M10,40.0,Commercial,,CVCL_8067,LCLC,Adult,Adherent,,Metastatic,lung,Male,RIKEN,NSCLC_large_cell,RCB1020,T3M10_LUNG,,,,,,,None,LCLC,Large Cell Lung Carcinoma,Non-Small Cell Lung Cancer,Lung,PR-XEwrrU
ACH-000825,PT-fbGZ8j,HOP-92,HOP92,62.0,Academic lab,SIDM00134,CVCL_1286,NSCLC,Adult,Mixed,,Primary,lung,Male,Meyerson (Broad) who received from Minna,,,HOP92_LUNG,905973.0,,888.0,,,,None,NSCLC,Non-Small Cell Lung Cancer,Non-Small Cell Lung Cancer,Lung,PR-Cdrgyw
ACH-000826,PT-nAjtb0,CAL-12T,CAL12T,,Commercial,SIDM00939,CVCL_1105,NSCLC,Unknown,Adherent,,Primary,lung,Male,DSMZ,,ACC 443,CAL12T_LUNG,753540.0,,2252.0,,,MF-002-001,None,NSCLC,Non-Small Cell Lung Cancer,Non-Small Cell Lung Cancer,Lung,PR-SRJ5QT
ACH-000837,PT-9eMhTl,NCI-H322,NCIH322,52.0,Commercial,SIDM00117,CVCL_1556,LUAD,Adult,Adherent,,Primary,lung,Male,ECACC,NSCLC_adenocarcinoma,95111734,NCIH322_LUNG,,,,,,MF-001-003,None,LUAD,Lung Adenocarcinoma,Non-Small Cell Lung Cancer,Lung,PR-DjZRV1
ACH-000840,PT-1JVU53,HCC-366,HCC366,80.0,Commercial,SIDM01070,CVCL_2059,LUAS,Adult,Adherent,,Primary,lung,Female,DSMZ,NSCLC_adenosquamous,,HCC366_LUNG,1240144.0,,638.0,,,MF-001-001,None,LUAS,Lung Adenosquamous Carcinoma,Non-Small Cell Lung Cancer,Lung,PR-7YMowa
ACH-000841,PT-lYuNel,NCI-H2087,NCIH2087,69.0,Commercial,SIDM00708,CVCL_1524,LUAD,Adult,Adherent,,Metastatic,lymph_node,Male,ATCC,NSCLC_adenocarcinoma,CRL-5922,NCIH2087_LUNG,724834.0,,915.0,,,MF-001-014,None,LUAD,Lung Adenocarcinoma,Non-Small Cell Lung Cancer,Lung,PR-baeuRn
ACH-000843,PT-gQzNzd,HARA,HARA,57.0,Commercial,SIDM00598,CVCL_2914,LUSC,Adult,Adherent,,Metastatic,pleural_effusion,Male,HSRRB,NSCLC_squamous,JCRB1080.0,HARA_LUNG,1240142.0,,350.0,,,MF-001-001,None,LUSC,Lung Squamous Cell Carcinoma,Non-Small Cell Lung Cancer,Lung,PR-p1iycB
ACH-000845,PT-LL5Hxl,NCI-H1373,NCIH1373,56.0,Commercial,,CVCL_1465,LUAD,Adult,Adherent,,Primary,lung,Male,ATCC,NSCLC_adenocarcinoma,CRL-5866,NCIH1373_LUNG,,,,,,MF-001-001,None,LUAD,Lung Adenocarcinoma,Non-Small Cell Lung Cancer,Lung,PR-MwnSjz
ACH-000851,PT-klVvXs,MOR/CPR,MORCPR,,Commercial,,CVCL_2620,LUAD,Unknown,Adherent,,Primary,lung,Unknown,ECACC,NSCLC_adenocarcinoma,,MORCPR_LUNG,,,,,,MF-001-001,None,LUAD,Lung Adenocarcinoma,Non-Small Cell Lung Cancer,Lung,PR-x8rjfa
ACH-000852,PT-9wHWAd,NCI-H1435,NCIH1435,35.0,Commercial,SIDM00658,CVCL_1470,LUAD,Adult,Mixed,,Primary,lung,Female,ATCC,NSCLC_adenocarcinoma,CRL-5870,NCIH1435_LUNG,1298347.0,,2119.0,,,MF-001-014,None,LUAD,Lung Adenocarcinoma,Non-Small Cell Lung Cancer,Lung,PR-pbdNj6
ACH-000853,PT-FGrsoV,NCI-H661,NCIH661,43.0,Commercial,SIDM01122,CVCL_1577,LCLC,Adult,Adherent,,Metastatic,lymph_node,Male,ATCC,NSCLC_large_cell,HTB-183,NCIH661_LUNG,687829.0,,107.0,,,MF-001-001,None,LCLC,Large Cell Lung Carcinoma,Non-Small Cell Lung Cancer,Lung,PR-9T4HCt
ACH-000858,PT-obWM4y,KNS-62,KNS62,49.0,Commercial,SIDM00606,CVCL_1335,LUSC,Adult,Adherent,,Metastatic,central_nervous_system,Male,ATCC,NSCLC_squamous,Cannot find on ATCC website,KNS62_LUNG,753569.0,,1369.0,,,MF-003-001,None,LUSC,Lung Squamous Cell Carcinoma,Non-Small Cell Lung Cancer,Lung,PR-BXwklV
ACH-000860,PT-W8OaFq,NCI-H358,NCIH358,,Commercial,SIDM00718,CVCL_1559,LUAD,Unknown,Adherent,,Primary,lung,Male,ATCC,NSCLC_adenocarcinoma,CRL-5807,NCIH358_LUNG,908465.0,,1691.0,,,MF-001-001,None,LUAD,Lung Adenocarcinoma,Non-Small Cell Lung Cancer,Lung,PR-yL4kGI
ACH-000861,PT-ExToNn,HOP-62,HOP62,60.0,Academic lab,SIDM00133,CVCL_1285,LUAD,Adult,Adherent,,Primary,lung,Female,Meyerson (Broad) who received from Minna,NSCLC_adenocarcinoma,,HOP62_LUNG,905972.0,,1500.0,,,MF-001-001,None,LUAD,Lung Adenocarcinoma,Non-Small Cell Lung Cancer,Lung,PR-wXwSCM
ACH-000867,PT-3nyeTa,ChaGo-K-1,CHAGOK1,45.0,Commercial,SIDM00924,CVCL_1121,NSCLC,Adult,Adherent,,Metastatic,lung,Male,ECACC,,96020948,CHAGOK1_LUNG,687596.0,,1605.0,,,MF-001-001,None,NSCLC,Non-Small Cell Lung Cancer,Non-Small Cell Lung Cancer,Lung,PR-WZ9vDj
ACH-000868,PT-Js0sCN,HCC-1195,HCC1195,47.0,Commercial,,CVCL_5127,LUAS,Adult,Adherent,,Primary,lung,Male,KCLB,NSCLC_adenosquamous,71195,HCC1195_LUNG,,,,,,MF-001-005,None,LUAS,Lung Adenosquamous Carcinoma,Non-Small Cell Lung Cancer,Lung,PR-jC0ol4
ACH-000869,PT-JylhbS,NCI-H1568,NCIH1568,48.0,Commercial,SIDM00750,CVCL_1476,LUAD,Adult,Adherent,,Metastatic,lymph_node,Female,ATCC,NSCLC_adenocarcinoma,CRL-5876,NCIH1568_LUNG,1298348.0,,711.0,,,MF-001-001,None,LUAD,Lung Adenocarcinoma,Non-Small Cell Lung Cancer,Lung,PR-0ccWFQ
ACH-000872,PT-CXILSG,HCC515,HCC515,39.0,Academic lab,,CVCL_5136,LUAD,Adult,Adherent,,Primary,lung,Female,Meyerson (Broad) who received from Minna,NSCLC_adenocarcinoma,,HCC515_LUNG,,,,,,MF-001-001,None,LUAD,Lung Adenocarcinoma,Non-Small Cell Lung Cancer,Lung,PR-3x4PYY
ACH-000875,PT-SrAh0r,NCI-H2347,NCIH2347,54.0,Commercial,SIDM00726,CVCL_1550,LUAD,Adult,Mixed,,Primary,lung,Female,ATCC,NSCLC_adenocarcinoma,CRL-5942,NCIH2347_LUNG,687820.0,,337.0,,,MF-001-001,None,LUAD,Lung Adenocarcinoma,Non-Small Cell Lung Cancer,Lung,PR-MxTNki
ACH-000878,PT-WMdXaj,HCC-15,HCC15,47.0,Commercial,SIDM01072,CVCL_2057,LUSC,Adult,Adherent,,Primary,lung,Male,DSMZ,NSCLC_squamous,ACC 496,HCC15_LUNG,1240143.0,,1368.0,,,MF-001-001,None,LUSC,Lung Squamous Cell Carcinoma,Non-Small Cell Lung Cancer,Lung,PR-LKslp8
ACH-000886,PT-bwPYLi,NCI-H2009,NCIH2009,68.0,Commercial,SIDM00756,CVCL_1514,LUAD,Adult,Adherent,,Metastatic,lymph_node,Female,ATCC,NSCLC_adenocarcinoma,CRL-5911,NCIH2009_LUNG,724873.0,,79.0,,,MF-007-010,None,LUAD,Lung Adenocarcinoma,Non-Small Cell Lung Cancer,Lung,PR-Ueo2RW
ACH-000888,PT-JWHrxe,NCI-H1793,NCIH1793,52.0,Commercial,SIDM00755,CVCL_1496,LUAD,Adult,Adherent,,Primary,lung,Female,ATCC,NSCLC_adenocarcinoma,CRL-5896,NCIH1793_LUNG,908463.0,,934.0,,,MF-007-010,None,LUAD,Lung Adenocarcinoma,Non-Small Cell Lung Cancer,Lung,PR-PyjGv6
ACH-000891,PT-T3jta4,HCC-1438,HCC1438,43.0,Commercial,,CVCL_L088,LCLC,Adult,Adherent,,Primary,lung,Male,KCLB,NSCLC_large_cell,71438,HCC1438_LUNG,,,,,,MF-001-005,None,LCLC,Large Cell Lung Carcinoma,Non-Small Cell Lung Cancer,Lung,PR-xD8RBp
ACH-000892,PT-msHTlh,NCI-H1563,NCIH1563,,Commercial,SIDM00751,CVCL_1475,LUAD,Unknown,Adherent,,Primary,lung,Male,ATCC,NSCLC_adenocarcinoma,CRL-5875,NCIH1563_LUNG,753600.0,,1402.0,,,MF-001-001,None,LUAD,Lung Adenocarcinoma,Non-Small Cell Lung Cancer,Lung,PR-i3ekbD
ACH-000893,PT-yo5QST,NCI-H1651,NCIH1651,71.0,Commercial,SIDM00744,CVCL_1484,LUAD,Adult,Adherent,,Primary,lung,Male,ATCC,NSCLC_adenocarcinoma,CRL-5884,NCIH1651_LUNG,910900.0,,1828.0,,,MF-007-020,None,LUAD,Lung Adenocarcinoma,Non-Small Cell Lung Cancer,Lung,PR-yi9PwD
ACH-000894,PT-RPtiPJ,NCI-H1869,NCIH1869,58.0,Commercial,SIDM00768,CVCL_1500,LUSC,Adult,Adherent,,Metastatic,pleural_effusion,Male,ATCC,NSCLC_squamous,CRL-5900,NCIH1869_LUNG,1240183.0,,90.0,,,MF-007-020,None,LUSC,Lung Squamous Cell Carcinoma,Non-Small Cell Lung Cancer,Lung,PR-Rzimzl
ACH-000900,PT-rWMXJp,NCI-H23,NCIH23,51.0,Commercial,SIDM00138,CVCL_1547,LUAD,Adult,Adherent,,Primary,lung,Male,ATCC,NSCLC_adenocarcinoma,CRL-5800,NCIH23_LUNG,905942.0,,2108.0,,,MF-001-001,None,LUAD,Lung Adenocarcinoma,Non-Small Cell Lung Cancer,Lung,PR-idtmVT
ACH-000901,PT-gBcBSy,HCC-1359,HCC1359,55.0,Commercial,,CVCL_5128,GCLC,Adult,Adherent,,Primary,lung,Female,KCLB,NSCLC_large_cell,71359,HCC1359_LUNG,,,,,,MF-001-001,None,GCLC,Giant Cell Carcinoma of the Lung,Non-Small Cell Lung Cancer,Lung,PR-6fNkuZ
ACH-000904,PT-lWWpjR,NCI-H2106,NCIH2106,58.0,Commercial,,CVCL_1526,LCLC,Adult,Suspension,,Metastatic,lymph_node,Male,ATCC,NSCLC_large_cell,,NCIH2106_LUNG,,,,,,MF-007-010,None,LCLC,Large Cell Lung Carcinoma,Non-Small Cell Lung Cancer,Lung,PR-wPMVT8
ACH-000916,PT-tMdDt6,NCI-H1573,NCIH1573,35.0,Commercial,SIDM00749,CVCL_1478,LUAD,Adult,Adherent,,Metastatic,soft_tissue,Female,ATCC,NSCLC_adenocarcinoma,CRL-5879,NCIH1573_LUNG,908472.0,,372.0,,,MF-001-014,None,LUAD,Lung Adenocarcinoma,Non-Small Cell Lung Cancer,Lung,PR-OqFtv2
ACH-000921,PT-jKAU6d,NCI-H157-DM,NCIH157DM,59.0,Commercial,,CVCL_0463,LUSC,Adult,Adherent,,Metastatic,pleural_effusion,Male,ATCC,NSCLC_squamous,,NCIH157DM_LUNG,,Previously thought to be NCI-H1339 but ICLAC determined that ATCC stock used by DepMap is actually NCI-H157 or a derivative,,,,MF-001-020,None,LUSC,Lung Squamous Cell Carcinoma,Non-Small Cell Lung Cancer,Lung,PR-Rb5wEU
ACH-000924,PT-4qxYZb,NCI-H2172,NCIH2172,,Commercial,SIDM00926,CVCL_1537,NSCLC,Unknown,Adherent,,Primary,lung,Female,ATCC,,CRL-5930,NCIH2172_LUNG,1298353.0,,1692.0,,,MF-001-001,None,NSCLC,Non-Small Cell Lung Cancer,Non-Small Cell Lung Cancer,Lung,PR-bLHpb1
ACH-000925,PT-xZ4Yje,DV-90,DV90,50.0,Commercial,,CVCL_1184,LUAD,Adult,Adherent,,Metastatic,pleural_effusion,Male,DSMZ,NSCLC_adenocarcinoma,ACC 307,DV90_LUNG,,,,,,MF-001-054,None,LUAD,Lung Adenocarcinoma,Non-Small Cell Lung Cancer,Lung,PR-N3Eup2
ACH-000929,PT-29i6JV,NCI-H2110,NCIH2110,,Commercial,SIDM00703,CVCL_1530,NSCLC,Unknown,Adherent,,Metastatic,pleural_effusion,Unknown,ATCC,,CRL-5924,NCIH2110_LUNG,1298351.0,,1948.0,,,MF-001-001,None,NSCLC,Non-Small Cell Lung Cancer,Non-Small Cell Lung Cancer,Lung,PR-FbfJpO
ACH-000945,PT-0uFhp8,NCI-H650,NCIH650,,Commercial,SIDM01124,CVCL_1575,LUAD,Unknown,Suspension,,Metastatic,lung,Male,ATCC,NSCLC_adenocarcinoma,CRL-5835,NCIH650_LUNG,722066.0,,1539.0,,,MF-001-014,None,LUAD,Lung Adenocarcinoma,Non-Small Cell Lung Cancer,Lung,PR-24alez
ACH-000951,PT-Q9lcwL,NCI-H2342,NCIH2342,55.0,Commercial,SIDM00727,CVCL_1549,LUAD,Adult,Mixed,,Primary,lung,Male,ATCC,NSCLC_adenocarcinoma,CRL-5941,NCIH2342_LUNG,687819.0,,1814.0,,,MF-007-010,None,LUAD,Lung Adenocarcinoma,Non-Small Cell Lung Cancer,Lung,PR-I5YGjU
ACH-000975,PT-gNoIDb,HCC2450,HCC2450,52.0,Academic lab,,CVCL_5133,LUSC,Adult,Adherent,,Primary,lung,Male,Meyerson (Broad) who received from Minna,NSCLC_squamous,,HCC2450_LUNG,,,,,,MF-001-001,None,LUSC,Lung Squamous Cell Carcinoma,Non-Small Cell Lung Cancer,Lung,PR-eCRyEu
ACH-000975,PT-gNoIDb,HCC2450,HCC2450,52.0,Academic lab,,CVCL_5133,LUSC,Adult,Adherent,,Primary,lung,Male,Meyerson (Broad) who received from Minna,NSCLC_squamous,,HCC2450_LUNG,,,,,,MF-001-001,None,LUSC,Lung Squamous Cell Carcinoma,Non-Small Cell Lung Cancer,Lung,PR-s28NRl
ACH-000980,PT-DdDGB6,NCI-H1155,NCIH1155,36.0,Commercial,SIDM00651,CVCL_1456,LCLC,Adult,Adherent,,Metastatic,lymph_node,Male,ATCC,NSCLC_large_cell,CRL-5818,NCIH1155_LUNG,908467.0,,801.0,,,MF-001-014,None,LCLC,Large Cell Lung Carcinoma,Non-Small Cell Lung Cancer,Lung,PR-LMqOct
ACH-001075,PT-nKyqod,NCI-H292,NCIH292,32.0,Commercial,SIDM00493,CVCL_0455,LUMEC,Adult,Adherent,,Metastatic,lymph_node,Female,ATCC,NSCLC_mucoepidermoid,CRL-1848,NCIH292_LUNG,753604.0,,935.0,,,MF-001-001,None,LUMEC,Mucoepidermoid Carcinoma of the Lung,Non-Small Cell Lung Cancer,Lung,PR-VUoQ0c
ACH-001079,PT-gjIBeG,HCC1897,HCC1897,47.0,Academic lab,SIDM01814,CVCL_V578,LUSC,Adult,Unknown,,Primary,lung,Male,Matt Meyerson (Broad),NSCLC_squamous,,HCC1897_LUNG,,,,,,,None,LUSC,Lung Squamous Cell Carcinoma,Non-Small Cell Lung Cancer,Lung,
ACH-001088,PT-Qd4EkU,HLC-1,HLC1,,,,CVCL_5529,LUAD,Unknown,Adherent,,Metastatic,pleural_effusion,Unknown,,NSCLC_adenocarcinoma,,HLC1_LUNG,,,,,,,None,LUAD,Lung Adenocarcinoma,Non-Small Cell Lung Cancer,Lung,
ACH-001113,PT-ZglKg6,LC-1/sq-SF,LC1SQSF,69.0,Commercial,SIDM01226,CVCL_5480,LUSC,Adult,Adherent,,Primary,lung,Male,RIKEN,NSCLC_squamous,RCB0438,LC1SQSF_LUNG,,,,,,,None,LUSC,Lung Squamous Cell Carcinoma,Non-Small Cell Lung Cancer,Lung,PR-AdBjpG
ACH-001137,PT-v8h3uk,NCI-H1993,NCIH1993,47.0,Academic lab,SIDM00758,CVCL_1512,LUAD,Adult,Adherent,,Metastatic,lymph_node,Female,,NSCLC_adenocarcinoma,,NCIH1993_LUNG,908476.0,,78.0,,,,None,LUAD,Lung Adenocarcinoma,Non-Small Cell Lung Cancer,Lung,
ACH-001233,PT-whmZjB,VMRC-LCD,VMRCLCD,,Commercial,SIDM00320,CVCL_1787,LUAD,Unknown,Mixed,,Primary,lung,Male,HSRRB,NSCLC_adenocarcinoma,,VMRCLCD_LUNG,713869.0,,277.0,,,,None,LUAD,Lung Adenocarcinoma,Non-Small Cell Lung Cancer,Lung,
ACH-001234,PT-MTIfex,VMRC-LCP,VMRCLCP,,Commercial,,CVCL_1788,LUSC,Unknown,Mixed,,Primary,lung,Unknown,HSRRB,NSCLC_squamous,,VMRCLCP_LUNG,,,,,,,None,LUSC,Lung Squamous Cell Carcinoma,Non-Small Cell Lung Cancer,Lung,
ACH-001362,PT-lWWpjR,NCI-H1770,NCIH1770,57.0,Commercial,SIDM00737,CVCL_1493,NSCLC,Adult,Suspension,,Metastatic,lymph_node,Male,ATCC,,CRL-5893,NCIH1770_LUNG,687804.0,,1014.0,,,MF-013-001,None,NSCLC,Non-Small Cell Lung Cancer,Non-Small Cell Lung Cancer,Lung,
ACH-001363,PT-CEEaIh,NCI-H2135,NCIH2135,,Commercial,SIDM00700,CVCL_1533,NSCLC,Unknown,Adherent,,Primary,lung,Unknown,ATCC,,CRL-5926,NCIH2135_LUNG,1298352.0,,106.0,,,MF-007-010,None,NSCLC,Non-Small Cell Lung Cancer,Non-Small Cell Lung Cancer,Lung,
ACH-001489,PT-JQqnTw,COR-L32,CORL32,,Commercial,SIDM00508,CVCL_2413,LUSC,Unknown,Suspension,,Metastatic,bone_marrow,Unknown,Sigma-Aldrich,NSCLC_squamous,,CORL32_LUNG,1322212.0,,1168.0,,,MF-001-003,None,LUSC,Lung Squamous Cell Carcinoma,Non-Small Cell Lung Cancer,Lung,
ACH-001490,PT-gDQhpO,COR-L321,CORL321,58.0,Commercial,SIDM00507,CVCL_2414,LUAD,Adult,Suspension,,Primary,lung,Female,Sigma-Aldrich,,,CORL321_LUNG,1322213.0,,1484.0,,,MF-001-003,None,LUAD,Lung Adenocarcinoma,Non-Small Cell Lung Cancer,Lung,
ACH-002035,PT-5NWbnb,LCAM1,LCAM1,53.0,Commercial,,CVCL_E062,NSCLCPD,Adult,Adherent,,Primary,lung,Male,RIKEN,,RCB1425,LCAM1_LUNG,,,,,,MF-001-006,None,NSCLCPD,Poorly Differentiated Non-Small Cell Lung Cancer,Non-Small Cell Lung Cancer,Lung,PR-ij9AKv
ACH-002089,PT-w6y5uu,201T,201T,68.0,Academic lab,SIDM00055,CVCL_X481,LUAD,Adult,Unknown,,Primary,lung,Male,Sanger,NSCLC_adenocarcinoma,,201T_LUNG,1287381.0,,220.0,,,,None,LUAD,Lung Adenocarcinoma,Non-Small Cell Lung Cancer,Lung,
ACH-002101,PT-L9zIfE,EMC-BAC-1,EMCBAC1,,Academic lab,SIDM00048,CVCL_X486,NSCLC,Unknown,Unknown,,Primary,lung,Male,Sanger,,,EMCBAC1_LUNG,1503369.0,,967.0,,,,None,NSCLC,Non-Small Cell Lung Cancer,Non-Small Cell Lung Cancer,Lung,
ACH-002102,PT-fbtwet,EMC-BAC-2,EMCBAC2,,Academic lab,SIDM00047,CVCL_X487,NSCLC,Unknown,Unknown,,Primary,lung,Unknown,Sanger,,,EMCBAC2_LUNG,1503370.0,,2232.0,,,,None,NSCLC,Non-Small Cell Lung Cancer,Non-Small Cell Lung Cancer,Lung,
ACH-002122,PT-9jciof,GT3TKB,GT3TKB,,Academic lab,SIDM01231,CVCL_1237,LUSC,Unknown,Adherent,,Metastatic,pleural_effusion,Unknown,Sanger,NSCLC_squamous,,GT3TKB_STOMACH,907041.0,SNP fingerprinting confirms that this line is a RERF-LC-A1 derivative. DepMap metadata has been updated (as of 22Q2) to reflect this.,614.0,,,,None,LUSC,Lung Squamous Cell Carcinoma,Non-Small Cell Lung Cancer,Lung,
ACH-002138,PT-3z38Jf,H513,H513,61.0,Academic lab,SIDM00114,CVCL_A570,LUAS,Adult,Unknown,,Metastatic,Unknown,Male,Sanger,NSCLC_adenosquamous,,H513_LUNG,1240141.0,This line is a NCI-H125 derivative (ICLAC). DepMap metadata has been updated (as of 22Q2) to reflect this.,2125.0,,,,None,LUAS,Lung Adenosquamous Carcinoma,Non-Small Cell Lung Cancer,Lung,
ACH-002156,PT-ZglKg6,LC-1-sq,LC1SQ,69.0,Academic lab,SIDM00300,CVCL_3008,LUSC,Adult,Adherent,,Primary,lung,Male,Sanger,NSCLC_squamous,,LC1SQ_LUNG,1298223.0,,600.0,,,,None,LUSC,Lung Squamous Cell Carcinoma,Non-Small Cell Lung Cancer,Lung,
ACH-002157,PT-pFzWyx,LC-2-ad,LC2AD,51.0,Academic lab,SIDM00297,CVCL_1373,LUAD,Adult,Adherent,,Metastatic,pleural_effusion,Female,Sanger,NSCLC_adenocarcinoma,,LC2AD_LUNG,907786.0,,367.0,,,,None,LUAD,Lung Adenocarcinoma,Non-Small Cell Lung Cancer,Lung,
ACH-002158,PT-IpPvfc,LU-99A,LU99A,63.0,Commercial,SIDM01219,CVCL_1393,GCLC,Adult,Adherent,,,lung,Male,JCRB,NSCLC_large_cell,,LU99A_LUNG,907796.0,,1660.0,,,,None,GCLC,Giant Cell Carcinoma of the Lung,Non-Small Cell Lung Cancer,Lung,
ACH-002172,PT-9eMhTl,NCI-H322M,NCIH322M,52.0,Academic lab,SIDM00117,CVCL_1557,LUAD,Adult,Unknown,,,lung,Male,Sanger,NSCLC_adenocarcinoma,,NCIH322M_LUNG,905967.0,,34.0,,,,None,LUAD,Lung Adenocarcinoma,Non-Small Cell Lung Cancer,Lung,
ACH-002184,PT-tDs036,PC-3_[JPC-3],PC3JPC3,48.0,Academic lab,SIDM00361,CVCL_S982,LUAD,Adult,Unknown,,,lung,Female,Sanger,NSCLC_adenocarcinoma,,PC3JPC3_LUNG,1240202.0,,1809.0,,,,None,LUAD,Lung Adenocarcinoma,Non-Small Cell Lung Cancer,Lung,
ACH-002333,PT-oNAx3u,HCC827GR,HCC827GR,,,,,NSCLC,Unknown,Unknown,,,lung,Unknown,,,,HCC827GR_LUNG,,,,,,,None,NSCLC,Non-Small Cell Lung Cancer,Non-Small Cell Lung Cancer,Lung,
ACH-002337,PT-cqv92I,JHU028,JHU028,52.0,Academic lab,SIDM00902,CVCL_5992,LUAD,Adult,Adherent,,Primary,lung,Male,Sanger,NSCLC_adenocarcinoma,,JHU028_LUNG,,SNP fingerprinting confirms that this line is an A549 derivative. DepMap metadata has been updated (as of 22Q2) to reflect this.,,,,,None,LUAD,Lung Adenocarcinoma,Non-Small Cell Lung Cancer,Lung,
ACH-002526,PT-z0Yk96,SNU-1327,SNU1327,84.0,Commercial,,CVCL_5022,LUAD,Adult,Adherent,,Metastatic,pleural_effusion,Male,KCLB,NSCLC_adenocarcinoma,,SNU1327_LUNG,,,,,,MF-001-005,None,LUAD,Lung Adenocarcinoma,Non-Small Cell Lung Cancer,Lung,PR-ngHGL0
ACH-002531,PT-GWa6kp,SNU-2535,SNU2535,57.0,Commercial,,CVCL_R756,LUAD,Adult,Adherent,,Primary,pleural_effusion,Female,KCLB,,,SNU2535_LUNG,,,,,,MF-001-005,None,LUAD,Lung Adenocarcinoma,Non-Small Cell Lung Cancer,Lung,PR-DzLvET
ACH-002650,PT-6fwwV7,ETCC-016,ETCC016,53.0,Commercial,,CVCL_Y086,LUAD,Adult,Adherent,,Metastatic,pleural_effusion,Male,DSMZ,NSCLC_adenocarcinoma,,ETCC016_LUNG,,,,,,MF-002-001,None,LUAD,Lung Adenocarcinoma,Non-Small Cell Lung Cancer,Lung,PR-FZ3AZJ
